,mean,se_mean,sd,2.5%,25%,50%,75%,97.5%,n_eff,Rhat
alpha,0.16903738947578845,0.003649909175741549,0.09722016023083263,0.029094647735051295,0.09597457406581736,0.15164117456113063,0.22775730579515885,0.39071912594003233,709.4937103328186,0.9988565052976157
sigma_y,2.5797202302684066,0.013677094458557686,0.23430820762148036,2.1808731088819844,2.4070409968495285,2.559511134143552,2.722915507040747,3.1091768556099946,293.48594720739504,1.0016460775703027
level[1],-0.3508078523625278,0.10078440328739849,2.214030618547728,-4.86053067583308,-1.7618093456463866,-0.28473397322047383,1.1314973148063596,3.8614568581405333,482.59252141751165,1.003141461941221
level[2],0.01539239813748027,0.09788954601523867,1.850326549020898,-3.7551340759608456,-1.1539451771776565,0.04343319300376139,1.237468610090426,3.4973859241050684,357.2926907214478,1.0023436800253822
level[3],0.7556615120498257,0.10258283231355529,1.932895361951953,-3.1812010811613205,-0.44861219401715263,0.7563445009188141,2.0723583634020777,4.358038248027867,355.0318507411458,1.0030633373635154
level[4],1.8575929879834112,0.09435959742736177,1.9747768582450103,-2.149138834004181,0.49408426523135285,1.8753994652575767,3.2797505127583624,5.5252334249559425,437.989702228507,1.00061197484875
level[5],1.064194739368745,0.09705205789935,1.8329498222407363,-2.76436442896465,-0.16955201956204985,1.1608894524612237,2.3227665868153218,4.477398368226167,356.6905923051359,1.0001646866688911
level[6],0.2710381005159059,0.09651874483185031,1.8359970025672603,-3.3797703437479214,-0.871680631974572,0.23690394020952724,1.4593309985701595,4.038472377020549,361.8433575738419,0.9998813833413887
level[7],-2.7545440212180012,0.09192812505343338,1.8276854249223131,-6.426459479394147,-3.8963693290526162,-2.736700632211142,-1.6797558989627812,0.7526119306299366,395.2811388969237,0.9996696622103416
level[8],-4.2526203609946664,0.09037279248374887,1.92614100536952,-7.763945841062733,-5.622253904938649,-4.295408046153925,-2.96512934480072,-0.4363430585215009,454.2560811333626,0.9990398315490728
level[9],-3.7416606602069504,0.11509918293574357,1.9128045189882075,-7.776286781250148,-5.021201261730868,-3.675758150655006,-2.4110968526291874,-0.12325591022503754,276.18284364285694,1.00695722538724
level[10],-3.475879774400857,0.11563532708595284,1.9092484086018326,-7.143562762130282,-4.799222571330879,-3.437207054750986,-2.2051488020526455,0.2725792091264534,272.61127138961047,1.005455444269893
level[11],-1.469152601151873,0.10976377772946136,1.901679739112497,-5.105013306480271,-2.7567124043872715,-1.4954177679124125,-0.1466038513887497,2.192604144374357,300.1626614859461,1.0054297525462206
level[12],-1.6279528668653676,0.11710004762123061,1.9104030913713805,-5.5816050473428,-2.8174143463484036,-1.5761917758873696,-0.4065324260787648,1.9957737537783165,266.1557671564766,1.0099373965266896
level[13],-2.8782964306375023,0.10341374661962362,1.9194967123801978,-6.669490642466304,-4.159438676839299,-2.9257575220454894,-1.5795554708979194,0.9205602125173504,344.52298387440715,1.001671519238388
level[14],-4.7428061175182465,0.10085657563772558,1.8923358108727313,-8.58419911186516,-5.949289523098947,-4.6806080500895995,-3.435309920764444,-1.2209282679850135,352.0367306664824,1.003157618226591
level[15],-4.374273690203359,0.09566298886537793,1.9088133476472873,-8.067581604525989,-5.759898595864216,-4.345156237822158,-3.0113013067269576,-0.7158827752148036,398.1429545760649,1.0004485259538272
level[16],-3.7247584989281086,0.10592145280143851,1.910868095258179,-7.653861262606794,-5.076104916029676,-3.5861120555315598,-2.405597125331345,-0.05406713436519346,325.4569580602843,0.9987440722213081
level[17],-2.75666211171159,0.11105299547228104,1.9220271640034248,-6.7102895110454295,-4.072026816125206,-2.684668084067032,-1.4860520679852023,0.8791242034310336,299.54252590068603,0.9996824884670505
level[18],-2.2169076569722472,0.09633281586265212,1.9392097925710285,-5.974485491477,-3.566161503666914,-2.1751937860865818,-0.9040876414112207,1.6909888462277154,405.22952533543406,0.9982567587301429
level[19],-3.3745958816992463,0.09674051305738027,1.9598341372296961,-7.210908496783492,-4.634820570688823,-3.3726421100604487,-2.044704066214735,0.40369089779067924,410.41371333921137,1.0010413350027874
level[20],-1.6350728729832804,0.09775128044171401,1.9137873519445114,-5.5759263972367386,-2.9338770421118063,-1.5680337529819992,-0.29503072402532415,1.9932930279005083,383.3032046561948,1.0017861820268734
level[21],-1.3768612091142733,0.08999903966383985,1.903768228640387,-5.095498800589153,-2.6280179864466793,-1.413221278162692,-0.14057762083333988,2.3035939746902767,447.4581254082873,1.0036167420634945
level[22],-2.498179275752137,0.10787053001329834,1.839031727378104,-6.1844546846462745,-3.729850462365981,-2.463439729647936,-1.2922730986796913,1.0404986111643184,290.6516672187099,1.003443472585105
level[23],-2.108425671921338,0.11618980663327039,1.9365758299073248,-5.9137600958700105,-3.4169070619166764,-2.0432031601024763,-0.757111708148299,1.5364038790183345,277.80045742068484,1.0053095188617653
level[24],-3.956468345049251,0.12028708131215625,1.8430915264070562,-7.592441302564211,-5.17302015168238,-4.050066733596491,-2.7691907042229973,-0.11294462708397847,234.77715232541325,1.0080941538338493
level[25],-5.023639941157482,0.11592679941459337,1.9081929666238504,-8.666166020048916,-6.3105620046283715,-5.064477738349028,-3.7227463653653956,-1.0996086966269305,270.94234796397916,1.0063389374382132
level[26],-3.8880732611915962,0.11991687824744938,1.9317280516679598,-7.814404934799544,-5.230469097203192,-3.88347936833315,-2.5974725295522756,-0.25887997256919903,259.4964044237195,1.0067197053929435
level[27],-4.1714110574677745,0.10745454418819068,1.8718180716381212,-7.823743716335471,-5.511667547452036,-4.155983760030686,-2.926251522102784,-0.48603244957312386,303.44340236308057,1.0042049128309276
level[28],-2.1501764168840674,0.11245999172708315,1.8929313427249983,-5.868577987145586,-3.38513573608446,-2.185260312873191,-0.8195522162545671,1.4893763061178666,283.317649460883,1.007787334286597
level[29],0.7358388135871451,0.11418750184360063,1.903687812292887,-2.857391082145732,-0.5884783282103143,0.6936850359155522,2.0301145292341287,4.567246519085069,277.9420878725611,1.0024899891154544
level[30],0.03567497482200409,0.10624599698502407,1.8557366453959432,-3.610671551710575,-1.2651351737176386,0.05058817624941979,1.3175861903735282,3.5964692239703067,305.07564307753836,1.0023089381864791
level[31],0.6542967117543226,0.10142522260970911,1.9315879702734684,-3.235870952216567,-0.6100783891693033,0.621527383494791,1.9876327229962671,4.349006311977275,362.6912220906061,1.0004061124853152
level[32],-0.0883068331667541,0.08975440677752482,1.9722791259322912,-3.931490175319799,-1.4362976767461308,-0.08200316712193165,1.1755269359535467,3.8841029447404125,482.86440824826036,1.000699493744475
level[33],0.6919658653819122,0.09563130630748173,1.958228182829201,-3.1390245570587565,-0.5876968055074628,0.6497159649469403,2.036788051682501,4.509416146537257,419.3015008066422,1.0025717758209824
level[34],0.36426892976341346,0.09534757338394631,1.8684520631705135,-3.4065046043934863,-0.8576243695686557,0.3587024173932598,1.610732630528123,3.915469215949634,384.0118541846817,1.0053567907202396
level[35],0.6762901361066813,0.10226027057910089,1.7984940364917092,-2.946696725581631,-0.46407012332594005,0.7200849838660794,1.9785204309642601,3.98674399578404,309.3172419892608,1.006075491401798
level[36],-0.24377137522260414,0.10709438835491754,1.853264740217519,-3.8970362041280886,-1.3921354573374578,-0.20481253054939697,1.0057395769601734,3.3957427562797924,299.4618453347912,1.0023832425779235
level[37],0.12468661367982826,0.10750371839375478,1.820847318551303,-3.3964442785524103,-1.1189406186495217,0.11159909960103806,1.3755559331980476,3.7692709874953567,286.8798793772454,1.00180519414241
level[38],0.38976548883109197,0.11564348270110379,1.904801101899898,-3.340027868556942,-0.8368567135051173,0.40023417099648,1.5676059697866473,4.075484089151716,271.3044658410072,1.0064763752197765
level[39],-1.5211737264009513,0.12578179725362407,1.9328226026675654,-5.406429232142513,-2.822092431319998,-1.4554357044526693,-0.16801276588469177,2.107351862211136,236.1284952154114,1.005651524254933
level[40],0.4385009182628243,0.10844591765330241,1.8405405724684767,-3.3058289280093494,-0.7808222240116227,0.4725216331738189,1.7498497231903514,3.8064091405044027,288.04767535881984,1.0038199305600284
level[41],0.6273608815655075,0.11611565471846953,1.8908609946524872,-3.1586562470309323,-0.6305005198811411,0.6168413094517111,1.9501918189263692,4.375605042089759,265.1781007135208,1.008586580765557
level[42],2.1587428157408883,0.10619508494470474,1.901081690913868,-1.5739125821163986,0.9393853259395595,2.1287708644019947,3.5027576509705525,5.8734007104776085,320.47394400660204,1.0011321326510165
level[43],3.394505348292186,0.10907070276251558,1.9469493023660158,-0.28981269075339267,2.067397305645131,3.3703814894059203,4.647418932289351,7.371979632568332,318.6346950740301,1.0025809529086378
level[44],3.2887813369631487,0.09738789371058347,1.8845479911783247,-0.2629752440129144,2.0136512695390443,3.2612717425388364,4.501270672904761,7.1007545074446,374.45915835806096,1.0068379966883556
level[45],2.9564950065559343,0.09548213810392021,1.9137508381813104,-0.6205513312837684,1.628700708833974,2.9604629330753536,4.260405894215957,6.831106149544672,401.722833144627,1.0038466962349666
level[46],1.7197485064895248,0.09601301936813048,1.8848517931606996,-2.0007333377839194,0.5473687851953406,1.7609028975874481,2.979695186846164,5.246990179490002,385.3844253699479,1.0065916084067823
level[47],0.2959636071952606,0.10151590850940236,1.8193533158597877,-3.2574405056402984,-0.8910661178413206,0.35697474734468726,1.4785029365905236,3.8388738435298135,321.1928595809747,1.0045733060853645
level[48],-0.4422750381547774,0.10421283848067366,1.951086795664758,-4.232570422273435,-1.8261209044628886,-0.43202757759109933,0.9551458026078485,3.1421814452288706,350.51832634529717,1.0024020361291779
level[49],1.0955656507633065,0.10904192600830974,1.8133262503192684,-2.4160387150284484,-0.07681560935260884,1.0790622666194793,2.292967868580874,4.573162698297927,276.5444006540548,1.0002755446378875
level[50],0.1367551026656929,0.11687860844558766,1.8282287883831358,-3.5032808831007607,-1.05756024311941,0.1164676961919229,1.3470382331543576,3.7213066151216703,244.6758029035069,1.0039608648136509
level[51],-1.4532004227390911,0.09388396928345408,1.8074876187744902,-5.052419414098008,-2.6318595767977957,-1.5422978210858242,-0.2713482078696136,2.231304076796822,370.65321952218983,1.0024215132287815
level[52],-0.9959798276137337,0.09536310776667922,1.802997509438456,-4.482033011394531,-2.176281500299166,-1.048675564384964,0.30764143089603435,2.5588817026943738,357.46165529888606,0.9998267312511455
level[53],-0.2978563897983123,0.0938797933656414,1.8805476445093843,-3.948594542132681,-1.5753907858803982,-0.3796158310625816,0.9377193781843949,3.5068164802482027,401.25867232637864,1.0044951027594682
level[54],0.9846425183664345,0.10206406801488348,1.8218612605689903,-2.3656732414086705,-0.29851371315156977,0.9661959729498464,2.204130386255385,4.519808234205336,318.62867242906157,1.0081340318049377
level[55],-0.061969137371234294,0.11080954886075166,1.794890220740507,-3.711935469350143,-1.2143385170899452,-0.12560828336846713,1.0120119742059697,3.5325614324143766,262.3743702831095,1.0098883039179711
level[56],-1.4385883037776088,0.10587614600271239,1.8836401245532408,-4.992494795420627,-2.658273589980901,-1.4184259513674562,-0.06609166131675051,1.9584851070489537,316.518878131065,1.0076554480716584
level[57],-3.2695147351401856,0.09355840588713774,1.910594492262489,-6.9354584898109035,-4.462388837810106,-3.310995974860772,-1.9910580381576568,0.36071202096664545,417.03395438681105,1.0035650875488578
level[58],-3.580824053599299,0.10398657825053367,1.867679991403955,-7.335460920625117,-4.755889408271173,-3.581052819964955,-2.3688295677222095,0.07491309405344307,322.5895962703915,1.0012252883340769
level[59],-3.8141816036810443,0.12001162738572256,1.908863859538534,-7.496457399300011,-5.087508654265512,-3.8198031548005655,-2.5493649011769333,-0.12282950576898444,252.98994536432025,1.0079915202002405
level[60],-1.1630688811509686,0.12499821484553132,1.9454130637630298,-4.94576977595403,-2.471914976487252,-1.1887111374742914,0.1295254119944873,2.6143408672510944,242.22336572280838,1.0086945684067874
level[61],0.7562617232521329,0.12889196834272407,1.9289703278332582,-2.8995016519954637,-0.5740865412372054,0.7635513769496622,2.1074824774182797,4.586753874856853,223.97491605548672,1.0051779718183123
level[62],-1.9183045827053713,0.11937785153108195,1.8802340493630079,-5.870398033848091,-3.1473097855905223,-1.8906294557362493,-0.5972757560274736,1.634947679135279,248.0711781017062,1.0030584152260105
level[63],-1.1255681026267972,0.11700495183151739,1.914541379535091,-4.827638841137966,-2.476586640084866,-1.109454929363375,0.20797322509330907,2.578617041559346,267.74479098887514,1.00489783632515
level[64],-0.19585830790746656,0.10363646254126906,1.8622676268239116,-3.819001040744532,-1.4553534004293454,-0.14222968735714817,0.9786099252031493,3.555685616893799,322.8932944254929,1.0060906198136346
level[65],-0.2458499252522179,0.12652889286932315,1.8415388306865044,-3.9533688975539096,-1.4541363200493809,-0.23597004979218125,0.9185316212030996,3.504386093697967,211.82750245079177,1.0097995778365183
level[66],-1.1361202218144397,0.09889069542892201,1.9413823546168236,-4.841090321241001,-2.3622919529265385,-1.172598615220946,0.12167513672617554,2.8345394475417383,385.39963051100176,1.0040811221175463
level[67],0.14940621624144815,0.10236913591147656,1.8767853226042095,-3.82546706531389,-1.0242744741843803,0.17670163294169638,1.3494819368547986,3.797583602694015,336.1174978265948,1.0030352398582452
level[68],1.45248430322163,0.10743026396687787,1.8938377366347223,-2.3266313865375987,0.17276843577422946,1.5100076124263,2.8100303637185515,5.115650980533024,310.76510454729174,1.003843573493636
level[69],0.1041945842517538,0.09805563230519432,1.994816806107638,-3.682096184215639,-1.2512110019662297,0.14257369651665983,1.4989873261803415,4.076100460319952,413.8671418090312,1.0012275441289442
level[70],-1.3007150635246176,0.09634594183221558,1.877946924920279,-5.173842340810246,-2.4950872519334713,-1.3505906548093596,0.0037145529317184818,2.5111881545378347,379.9266644680032,1.0008471871867965
level[71],-1.0022908849900534,0.0933393450812242,1.8112207116159906,-4.411060207640363,-2.1423964763313497,-1.0531043397256885,0.08985279670693734,2.794877372672007,376.54185076205675,1.0026748429084926
level[72],0.10556856243307183,0.10575247056996706,1.8575800133720504,-3.402693372904384,-1.1246100647502406,0.09038043184130609,1.3326898047926454,3.7087911693592224,308.5418044672991,1.0030333746663644
level[73],0.5372828229781489,0.1091918959266129,1.814830441693404,-2.926047230875465,-0.7109741707319033,0.5119555150729731,1.8019589614163043,4.041107467065248,276.2430098218545,1.0059307302881015
level[74],1.7389986232720998,0.11442795952381349,1.96039185715271,-2.0675963612246857,0.36036471113075313,1.7653736518005412,3.0227496047133355,5.749256118520766,293.5090336052805,1.00026562619927
level[75],-1.7915685701464037,0.12025023826162792,1.874299518666611,-5.6573594195823915,-2.9721193401079544,-1.746411235485134,-0.5685048546627302,1.7720406126251609,242.94395439194616,1.0048231766900777
level[76],0.2230865321548727,0.09972849946507252,1.9539867446373094,-3.6712853119672535,-1.0680608613774571,0.29007581834327767,1.5017688044693944,4.085367669442995,383.8881066110155,1.0002974789707997
level[77],-1.0244037459643462,0.11309424362484766,1.9953113291726194,-4.951111260823411,-2.2724871800193824,-1.0126934243995973,0.2945916989094816,2.845274331734298,311.27220069023247,1.0015899579001184
level[78],-1.4148154171877076,0.10233073640621348,1.8151614397286784,-5.022590440275517,-2.5982069618274894,-1.3485376502701274,-0.22979251562995354,1.9841734791242147,314.6431745645835,1.0020263235119085
level[79],-1.0797123668956974,0.09134200059323765,1.8731717935907586,-5.076097005044671,-2.328270499197715,-0.9974669252208359,0.235271362875689,2.418509443655253,420.5466523463319,1.001039958998318
level[80],-0.22560784027508052,0.0945140067928566,1.8805570094669661,-4.09880091302608,-1.4927647681918694,-0.19797998905915914,1.1179342513170536,3.25500610023271,395.8955841324003,1.0008182631094882
level[81],0.8956221529104098,0.09603997701390429,1.8232982195627354,-2.6109665487641323,-0.29855052276153604,0.9316134378518368,2.0248365003160256,4.491318728062929,360.42202375943805,1.0007509770244984
level[82],-0.1494118008813824,0.09454989057175357,1.8969097841796978,-3.9671041462251964,-1.435409157870791,-0.21097041927998972,1.139260980614591,3.725948638172456,402.5050115817966,1.001094232197614
level[83],1.0367215912563859,0.09669880538047006,1.988652503443558,-2.764914501490108,-0.3405745122890571,1.0171023162517405,2.3724326772463047,4.901140218227734,422.93690696235336,0.9995565513099484
skewness,-0.012328077578895086,0.05194942244971977,0.4401423845677596,-0.9250498397807467,-0.26489899166341213,-0.010995498984461016,0.24901507911127402,0.8966501785517476,71.78355074838291,1.0199954539459295
y_sim[1],-0.285799845703866,0.10291210745481928,3.308132090024323,-6.9871752012305475,-2.465400968889116,-0.1485601940862915,1.9535582702955543,5.930531916553681,1033.3150159348218,0.9994183349351923
y_sim[2],-0.029288903369162924,0.08566344185487287,3.1100665694517238,-6.067513406482279,-2.054552608283272,-0.09577576671865384,1.988999839987355,6.1575468944549865,1318.0999097161011,0.9984963735568365
y_sim[3],0.7175798859325145,0.08486895021825032,3.002539638993674,-5.140753046545612,-1.3464978293443368,0.6883464746694548,2.889877059798005,6.444808217976183,1251.6411666822166,0.9997597695638716
y_sim[4],1.813184675972675,0.09731339114397512,3.0985830159276624,-4.285369711258115,-0.1800738863847522,1.9225662934463081,3.8564043195817437,7.9246412988591945,1013.8671648901587,0.9999897158848365
y_sim[5],1.2684013273324632,0.09088358126289792,2.9828257347980496,-4.8410263194227054,-0.8418034406632664,1.3385625719110452,3.208233766001216,7.125277685878155,1077.1716101153222,1.0003273847152683
y_sim[6],0.25923811432992794,0.08420271671745642,3.0039764487683662,-5.798666520119623,-1.7042108663129456,0.3581366953506254,2.12296120286389,6.101765703179434,1272.7433581055263,0.9982007843341963
y_sim[7],-2.751299394780809,0.08992759992256419,3.1166041573798804,-8.86599560718055,-4.814345688759552,-2.67484216424705,-0.7307775674643424,3.7119875046779502,1201.094797787603,0.9998284494440883
y_sim[8],-4.273238312602753,0.09070712446043744,3.0230892585113653,-9.927465597865458,-6.430662040467373,-4.277010716862224,-2.2463073545257597,1.9819728038660203,1110.7572113182596,0.9985584359793641
y_sim[9],-3.815040774584935,0.08861308671642937,3.0947089591460677,-9.953377110839327,-5.816735417972881,-3.853445314517195,-1.6072716892554073,2.3000797939571154,1219.674361318453,0.9987100873056005
y_sim[10],-3.6476696453085635,0.09426521001603193,3.1181428225037653,-10.144824146176386,-5.700789970826927,-3.613109348301071,-1.5430668248131132,2.436520707070767,1094.1808971235826,0.999211128794894
y_sim[11],-1.4139156986837726,0.08205468693254442,3.078639447692713,-7.231455558853284,-3.4351065213529663,-1.4334127141147723,0.6055956188274183,4.654557873309623,1407.7024744744274,0.9984871264440183
y_sim[12],-1.6656712182289197,0.09140136319566736,3.0289007292504486,-8.1144984610479,-3.5302821203337795,-1.6809957673856868,0.28288862900348216,4.118455817539539,1098.1577567166946,0.9980348163592442
y_sim[13],-2.942143283959601,0.0877699363821692,2.9918894060290553,-8.630976832953147,-4.840255976455676,-3.043760834245708,-1.015432145217136,3.222410184399074,1161.9822789385298,0.9987965103952434
y_sim[14],-4.922144819475989,0.0835425018521466,2.9712392357200437,-10.727581969902653,-7.0356972337223365,-4.87454439189118,-2.8633220137282267,1.0532749209958148,1264.9119304760115,0.9985050978504442
y_sim[15],-4.519262235810031,0.0874294764509639,2.996188516634535,-10.311914352220889,-6.570978881961508,-4.545242220905966,-2.538070159407733,1.4693191963341206,1174.4175022979252,0.99854310641336
y_sim[16],-3.641603587289407,0.10026611212668618,3.0372948812251703,-9.883939850601093,-5.7017813960528,-3.592542794545621,-1.525916522525981,2.199873958263665,917.6256948213608,1.0056458019693093
y_sim[17],-2.8551669754925486,0.093620087054533,3.0095432499969683,-8.840159873222236,-4.942358978344609,-2.779208309953581,-0.7932637208198158,2.988332787241539,1033.387244558825,0.9997084825498526
y_sim[18],-2.2169769492295837,0.0949382367075002,3.1714167459476714,-8.36913275021575,-4.32745559572926,-2.2580913750997538,-0.03988934193102547,3.879152909008392,1115.8975075288845,1.0000761350341085
y_sim[19],-3.4066219457228284,0.08807209419757119,2.955897504152736,-9.144606764146014,-5.377050393708113,-3.497895317955237,-1.3528118941161482,2.347868325012604,1126.4245188718144,0.9987182388435152
y_sim[20],-1.6553605704071848,0.09558672248974741,3.074826090251177,-7.595268730780946,-3.7109027237220564,-1.599937681855879,0.40304502773822176,4.138544444377803,1034.7751095268097,1.0002823103275487
y_sim[21],-1.3567481009189446,0.0860391512824699,2.94489352355813,-6.845357528290345,-3.419420649940109,-1.2385209233945809,0.6182752167577643,4.514980682402024,1171.5125851148912,1.000396282512697
y_sim[22],-2.5561345644872353,0.09745058935527555,3.0774579362315087,-8.904555102021531,-4.55652145753356,-2.407578775875214,-0.3951764952782396,3.068860627728781,997.2758704052129,0.9997579091014099
y_sim[23],-2.0662663525821787,0.08961223344338767,2.914621413719336,-7.536143026991141,-4.103763965581695,-2.154479210657438,-0.042937992931906664,3.7543678426233162,1057.863662820006,0.9996007551909726
y_sim[24],-4.072203134145316,0.08228320895709229,3.0596764402127543,-9.945698421055404,-6.132205426555476,-4.130054998590428,-2.0158025313339016,2.1291157774247464,1382.7019141857731,0.9985107133802735
y_sim[25],-4.962055419844166,0.08862225928329719,3.094568549065071,-11.317622602069736,-7.010664212410028,-4.9632838819821,-2.8429541815439006,1.103719005409058,1219.3112470003343,1.0001445753382001
y_sim[26],-3.7748197614634162,0.08999776414631838,3.0945698509478907,-9.645320866026715,-5.8715663658213515,-3.8326648365502605,-1.7058291643133079,2.082630886716002,1182.3257268894367,1.0001822014269086
y_sim[27],-4.161100899608216,0.09707487958184025,3.064476251005049,-10.030164193552235,-6.277986127564889,-4.155938306014807,-2.088821659248489,2.1080180798023997,996.5493243927492,1.0002427956044768
y_sim[28],-2.2141344387957815,0.08563478209942807,2.9662676710846676,-7.877449523097431,-4.223781198205258,-2.2240867438722667,-0.10424380642964085,3.6374190337201844,1199.831564635461,0.9998819275350022
y_sim[29],0.8034941312887909,0.09161096018919639,3.0622504145440983,-5.070195922666736,-1.2197476194016175,0.7150049061603295,2.84921361993733,6.7345557968764105,1117.343055361096,0.9985478340067786
y_sim[30],0.03859622306816886,0.09361215492939537,3.0685110037998435,-6.141215905280096,-1.9537760114672018,-0.019735192002500457,2.073311720770877,6.115304937285545,1074.4615645846131,0.9984561400121701
y_sim[31],0.680843347861998,0.09224642999868513,3.148500110190346,-5.562323307991075,-1.4864799464237393,0.6969908534801323,2.848104744895415,6.854024041408113,1164.9526948680789,1.0014790673815064
y_sim[32],-0.13009937374084804,0.10817966220831153,2.9762106015268377,-6.025668632928244,-2.047151145776643,-0.10932781153887286,1.8229201050053698,5.748990482406167,756.8957674147962,0.999516104903401
y_sim[33],0.5729889596404512,0.10773056789775504,3.0688044868654103,-5.041534209715058,-1.469787939120299,0.41782721516877885,2.6155936531499293,6.518332513891867,811.447716606935,1.0020278054222187
y_sim[34],0.3123346639391609,0.09526894304582988,3.0136699089806136,-5.569032960182415,-1.8629550622798123,0.3056062042592486,2.3419902734801914,6.130779978588039,1000.6649071383911,0.9994906951887583
y_sim[35],0.6743090379079746,0.0819664050488411,2.9787450329189427,-5.113953597502784,-1.3684029744642736,0.6726510408160535,2.626205789694618,6.895070319013755,1320.6717454876186,0.9984284240059792
y_sim[36],-0.24081813074002748,0.08866567823202055,2.9918988606495702,-5.860578469054083,-2.099687626893218,-0.19970520583519247,1.6439746722285715,5.619224401693859,1138.630297896491,0.9984232214977825
y_sim[37],0.05403278836852183,0.08266537830327288,2.8667022636875665,-5.5079626945463485,-1.8309223509325276,-0.06521752438517436,1.9506236084904631,5.796735358085865,1202.5907626838075,0.9992237639060463
y_sim[38],0.3486321628904246,0.0932984566611266,2.996452917270372,-5.6087562712490655,-1.5371059378294574,0.29648043995582185,2.360630175451277,6.4830944102126065,1031.4923151669263,1.00311158829868
y_sim[39],-1.5031092256849337,0.09239264149296793,3.1027820973938067,-7.666216111023337,-3.6049846123416254,-1.4589314205340378,0.64041000344188,4.6452608850866834,1127.7888238648522,0.9993848894713503
y_sim[40],0.3715916216761974,0.09534903179467873,2.9148851594231844,-5.458645754921894,-1.535072972000326,0.40368813887637245,2.420099767627442,5.863625738660454,934.5667450579211,0.9984763936516666
y_sim[41],0.6149068745545325,0.08517192559170826,2.9736138931206533,-5.243872369564144,-1.4020665823258018,0.6460291406319184,2.5755163404817765,6.283740416527582,1218.92286091915,0.998726335429102
y_sim[42],2.22762286542303,0.08943325914445135,2.9482495943829976,-3.3791999196326348,0.275124709480792,2.2450963109122686,4.204605470446588,8.42294402018625,1086.7518284313671,0.9987184800361539
y_sim[43],3.4156100048090554,0.10061101351317762,2.9982195289111324,-2.6916144866568823,1.4266845704714082,3.408601617710035,5.274767869825058,9.744977323068719,888.0467094433347,0.9994561933587695
y_sim[44],3.3492499476424245,0.1199188381068914,3.0500826530593357,-2.877962458031857,1.310305402052156,3.380863792099733,5.4556011182618835,9.353689562128702,646.9167448706,1.0009468639751038
y_sim[45],3.0206014705036304,0.08877604212779713,3.0181348092301747,-3.101570430963614,1.0870812496054705,3.1472167495892096,5.0834356811921895,8.902188100513825,1155.8080375755214,0.9985424777429147
y_sim[46],1.7376782055981719,0.09286845989241528,3.0245487729350082,-3.9640569030912336,-0.22624716806137357,1.7329213963224581,3.651062099381426,8.19162400443345,1060.6807759167052,1.0019259236125655
y_sim[47],0.43991486801012186,0.09318546773757325,2.9421872184249045,-5.302429922870752,-1.417794374065371,0.5384284319639491,2.2442950282541494,6.172368113164877,996.8830919163473,1.0009284881213028
y_sim[48],-0.33154485094291464,0.092854843282221,3.1308569627419365,-6.52179884189351,-2.4846015863939455,-0.3408292685229557,1.7658176719113003,5.820909181098317,1136.88707950439,1.0002398206077618
y_sim[49],1.0213952708520027,0.09223737574225636,2.97711941190348,-4.685267163137043,-1.0980036184361783,1.0942275077194945,3.0771351330303864,6.619258276314758,1041.786277107824,0.998721520870098
y_sim[50],0.11156261930927715,0.09280044297797252,3.010369662812204,-5.8191863064686915,-1.8983572004700264,0.016935717274406903,2.1466355651656723,5.866622405449244,1052.299971891043,0.9987148561152345
y_sim[51],-1.5472214701579223,0.08442986749900919,3.0259378847818232,-7.709950284146591,-3.581517800388162,-1.537073804104782,0.5036064157476972,4.099464584810444,1284.4813475795604,0.9997248788981808
y_sim[52],-1.0686399584730069,0.09338855222937865,2.986744878818507,-6.749603692620579,-3.18869041807848,-1.0083247775954896,0.8430112870951636,4.932999663506591,1022.8429825764239,1.0043803225864825
y_sim[53],-0.3358142233836076,0.08271565662750444,2.9615684625030894,-6.011393816904951,-2.301650806224168,-0.4486273628465327,1.6154088768717845,5.5570175183618105,1281.9412133350677,0.9991579808149337
y_sim[54],0.9387285156385837,0.08616236042859218,3.0183046983228823,-5.121096913098374,-1.0393119158172621,0.9879857423745428,2.972892019424204,7.121600491147863,1227.1311582758888,0.9992119623195651
y_sim[55],0.1186973891678625,0.09037254060753958,2.9748867762779283,-5.7411853637871335,-1.9546164297232067,0.07019661699038104,2.2342130066138783,5.978195760402519,1083.5972624874128,1.0024500283059705
y_sim[56],-1.3206659632690592,0.0875756018888359,2.972435941019574,-7.5021431284502444,-3.349943337098288,-1.3531962490557872,0.6888853592248951,4.562365148187741,1152.0166240933372,0.998115025680178
y_sim[57],-3.2555496816596943,0.09310930978078617,3.0247474215545163,-9.173454584254248,-5.250427142260165,-3.328929758859924,-1.2865549803409806,2.649646994087532,1055.3390683609769,0.9998496543308372
y_sim[58],-3.48953242891119,0.08922049095242919,3.0502393119335434,-9.233188852459618,-5.552502948697619,-3.501874286371393,-1.4930100138169273,2.772616178296383,1168.7957147943455,0.9993218397770437
y_sim[59],-3.8232256514958767,0.08983320568489332,3.104564215916674,-9.7920287661739,-5.943071336751187,-3.9103894975754265,-1.7066298765622832,2.39247301923585,1194.3386847363545,1.0031958398534446
y_sim[60],-1.2282583618455127,0.08817909735703555,2.950540720010758,-7.302002390695527,-3.107886439365495,-1.1065278464313058,0.6726562523156083,4.512796719480939,1119.6232994020143,0.9999508259704953
y_sim[61],0.6939150146491072,0.0906440813404848,3.1828469599823563,-5.619567409605295,-1.345545197325889,0.6313502574936882,2.707246805515852,7.0386194230113155,1232.970285987456,0.9983864140282168
y_sim[62],-1.9980901549653154,0.08216281313799575,2.959236463290405,-8.012097723666827,-4.006100136457805,-1.9681836460921487,0.13352605510103177,3.3737711004993844,1297.2053715851043,0.9989592884191031
y_sim[63],-1.2815624624789383,0.08812167399587333,3.01682156221259,-7.314301119213097,-3.238310958378763,-1.2852386722143674,0.6689639949604995,5.000607610502052,1172.016618373706,1.0004850689102192
y_sim[64],-0.18691563872827716,0.08633787767434759,2.8769588412960068,-6.117799662957863,-2.139501976116304,-0.17679651685375453,1.8078342514938468,5.359298405973506,1110.361922046208,1.0042140363681449
y_sim[65],-0.27417336233822714,0.08828772858374899,3.0224975896710395,-6.085559980009757,-2.439378392634383,-0.2108381475108822,1.892325316460763,5.5972406486383885,1172.0097889188835,1.0028016084552795
y_sim[66],-1.2775180610126833,0.08418148946978488,3.028165944255815,-7.25397779537381,-3.2862982471960773,-1.3256175142372477,0.7392261074896977,4.56932821905373,1293.975729255938,0.9984884717525181
y_sim[67],0.19119150399520818,0.08990731268778686,3.0900270523648072,-6.2638677645382295,-1.8094678784700733,0.226570498166992,2.314766918776403,6.282231896170732,1181.2301660898015,0.9992705559944156
y_sim[68],1.4766860229560703,0.08084686289344198,3.050177704905941,-4.717137259100989,-0.6624180336864474,1.4203832774774487,3.4861344210940333,7.569599964423784,1423.3900950784214,0.9986920918623662
y_sim[69],0.010526505269196797,0.0965574506672832,3.075100497016541,-5.7767556735571794,-2.1553300528624373,0.002422716530165403,2.088792961298833,6.022888031583777,1014.2547380176566,0.999401607994003
y_sim[70],-1.3330875159290991,0.08917060502742886,3.0733906728000573,-7.238314950675942,-3.4056761669543993,-1.3392385488177387,0.6551430121158873,4.723283814673728,1187.9334491918046,1.002132693859894
y_sim[71],-0.9306127618537446,0.08646976981542735,2.982421992093908,-6.7973382096416115,-2.9652121580368958,-0.8702287820432085,1.0132363420251198,4.892053623828717,1189.6236254465161,0.999113187914946
y_sim[72],0.10952553632915979,0.0847340248082357,3.0000983849025866,-5.711983088032557,-1.9718701520942048,0.07850611530165352,2.106080597322902,5.996598501976312,1253.589434464147,0.999349027629773
y_sim[73],0.5387871919902074,0.09405097855168135,2.981164168145272,-4.8904004357249935,-1.6017339265376274,0.40508439456003986,2.4997730488120284,6.6455783669527495,1004.7202331456978,0.9980523321197294
y_sim[74],1.7745832157519008,0.09378214400745533,3.1441013833149136,-4.885706745841633,-0.3768999027576132,1.8410888082042294,3.8995771301282516,8.017128364679483,1123.9649517687312,0.9991697976243272
y_sim[75],-1.8481273577551018,0.10854613042471153,2.9777781555882457,-7.780446466738173,-3.878113308742284,-1.8198943259108722,0.2732428970245544,3.6427497787519503,752.5857445838785,0.9991755597282116
y_sim[76],0.1694369235037623,0.08490945051227604,2.9447181454053517,-5.749178877289861,-1.8072925627103147,0.20461361418059978,2.0870659660116107,5.941750541109224,1202.7501070322419,1.0009554164711083
y_sim[77],-1.116626838935793,0.09295285095636562,2.9642932663920076,-7.040409612946047,-3.0685478838348743,-0.9695237413476369,0.7898298439494846,4.8029943266747175,1016.9905229107098,1.0022227248008595
y_sim[78],-1.4016855780229185,0.09001922341976835,2.9860093069442017,-7.33935048848026,-3.412014874065961,-1.4200101691249405,0.547736231436272,4.445788971232871,1100.3017152392772,0.9999977279309705
y_sim[79],-1.1979984923206553,0.09121863446703658,3.081636554569704,-7.18066500836693,-3.281235930129127,-1.2101560680481895,0.794816153335338,4.943336819952727,1141.2891827028272,0.9987043872475801
y_sim[80],-0.1866783009052343,0.08435030090430355,3.0271223850549944,-6.568907358582864,-2.1392003200413154,-0.13488339584100306,1.917092792959808,5.638502620029082,1287.9134742795238,1.0001847634147802
y_sim[81],1.0126092839533851,0.08510592382945496,2.90651785998996,-4.86848700598458,-0.9054941455959581,1.0825973708099221,2.969670804024517,6.394883249960271,1166.3433329199297,0.9984006582800016
y_sim[82],-0.008660211962433894,0.08065217612383474,2.93006329045612,-5.881928930189097,-1.9722841888309426,0.07153304714727657,2.043939349934119,5.561843568503875,1319.8416314184353,0.9987864500135486
y_sim[83],1.0546682158336875,0.09509377400384174,2.9970978333671914,-4.957267855396765,-1.0388138897400467,0.9821689453582553,3.120756662341531,6.642942151675504,993.339423705609,0.9995200114561218
y_tilde[1],1.4186958513784358,0.09113271876032415,2.9718836178818995,-4.4448104903310135,-0.6165158864858152,1.5481567683468964,3.4294328160307486,7.215174651554691,1063.4447766272597,0.9983189147398587
y_tilde[2],0.18313993059064576,0.08689052235420792,2.8818074092295207,-5.525403059896391,-1.752898844177388,0.15054817973925572,2.2602054069066844,5.927055777433336,1099.9807656543405,1.0012522011078586
y_tilde[3],0.8179124843222184,0.08408277938221657,2.6789067024245603,-4.095407784601848,-1.0564900586844677,0.895421255202175,2.6014238861304566,5.980864586015854,1015.0818432649177,1.0028211302118721
y_tilde[4],0.6134891186451998,0.08706272851891568,2.748582999115736,-4.900577930437431,-1.1975286385254413,0.6457613700208749,2.400566027887356,6.218229115986423,996.6740811956449,0.9992642910963772
y_tilde[5],1.1014041280773985,0.10138678899676264,2.665942375960358,-4.041154331823148,-0.6177636053500425,1.0580999311352097,2.8533145153783686,6.3668135036808255,691.4149699423532,1.0028449457360558
y_tilde[6],0.8456005861464153,0.08819431660312388,2.757201153416115,-4.854410155684258,-0.9964047607529863,1.0051390766813502,2.7941091425762394,5.747265133082022,977.3625733180655,0.9998959071294206
y_tilde[7],0.7776127081624911,0.08997475661647286,2.6268621584437435,-4.513002166315696,-0.9527175433265789,0.7390663740960942,2.6209572864350217,5.6804000890664526,852.3799145506066,0.999480619128004
y_tilde[8],0.4741890782134543,0.08683906965290358,2.59445044810787,-4.515573954918679,-1.281642905204893,0.45468866248442696,2.241876852513264,5.78843916709305,892.6073052489801,1.0005400366682986
y_tilde[9],0.7325324451774461,0.08402734307251758,2.604693637085141,-4.470923357284701,-1.0253393812064597,0.757721620779745,2.5436598416987,5.8415452513672905,960.8863750355988,1.00311300543343
y_tilde[10],0.6067067374974296,0.09127181802047034,2.5997615607907787,-4.511794043019393,-1.1562455757864485,0.6090058417578763,2.2970547967845794,5.870806389175164,811.3227122378374,0.9990423617445179
y_tilde[11],0.8653141755484515,0.08595125035691895,2.653273991060672,-4.365263568144962,-0.893114056873414,0.863077460777273,2.558820869218791,6.130292115367033,952.9273721600903,1.0034295210231743
y_tilde[12],1.193281644483838,0.09159719220082292,2.604608302332081,-3.9341320885661775,-0.5364581350209756,1.1584029266456324,2.9796985386974644,6.026602935125756,808.5753900019374,0.9981785189350278
y_tilde[13],1.7260035474389706,0.09956609848930588,2.6456401876815194,-3.1708646476554323,-0.03735361402320508,1.5932531735822866,3.526080995672549,7.2245346817190015,706.0550746019375,1.002236605861853
y_tilde[14],1.3747018293953943,0.09517783821886193,2.599424574744937,-3.711704358636776,-0.2728920689664386,1.3481063172093628,3.045319900157237,6.708322306369819,745.9037112354121,0.9995261291201482
y_tilde[15],0.9202857917072543,0.08703397508243788,2.6592887187306946,-4.311698776731165,-0.9082380918482136,0.9248362068805993,2.6878604271688102,6.25607863159861,933.583878636413,0.9984661918635936
y_tilde[16],1.1768779797562743,0.08515002390403971,2.588792284872856,-4.042831547178982,-0.5498918921291307,1.1120267882441346,2.8775018336891542,6.282411950951013,924.3253477827969,0.9999254167562166
y_tilde[17],-0.30002697508919285,0.08570536045011404,2.6913324706623474,-5.632023846523095,-2.160002101621981,-0.4129108338115091,1.6032829232297447,4.777543133510997,986.0949410868678,0.9997648711262831
y_tilde[18],0.15306034778222938,0.10956696422735042,2.6343325268401805,-5.0275627116294075,-1.6295267134309284,0.17801575731873387,1.926441334387843,5.359921662258756,578.0719958396077,0.9989931699455584
y_tilde[19],0.08973042860220283,0.08794951076653887,2.5133986878303,-4.938605781630496,-1.544844331450998,0.08544423902374143,1.6495050783797982,5.138157535759179,816.6875068606292,1.0007604112748638
y_tilde[20],0.20048001994178816,0.09698647857826695,2.5662303491892766,-5.134228139665403,-1.4760184540946906,0.22191785055377453,1.9993978644143418,5.222641355419082,700.1142082853141,1.002558273723595
y_tilde[21],0.5724636447418606,0.09013159160105164,2.5449292430875463,-4.374150591536843,-1.1363300908303964,0.5074151367830189,2.1633455777733577,5.6399032728448475,797.2551693358884,1.0009026424031047
y_tilde[22],-0.08755356153111149,0.11431317073211004,2.524158579100725,-5.044999145535022,-1.7135747111172326,-0.1808898732977271,1.589485749903735,5.067593800823949,487.574214156836,1.008324767485028
y_tilde[23],-0.30097696211408154,0.10763424352329626,2.6114808966413063,-5.536541553106181,-2.052145763590553,-0.3325521632987146,1.386820472232734,4.948280252458989,588.6711888873801,1.0005863636229013
y_tilde[24],-0.08288201353990653,0.08855293289687909,2.59342373010926,-5.0907098698729,-1.8753691804391448,-0.12387825240361494,1.6123448799865225,4.947305723665164,857.7111608455053,1.0000093244097978
y_tilde[25],-0.31929285016249287,0.08668788255066887,2.4332387184464004,-5.072779610658047,-1.9296053577181502,-0.2999987426171521,1.2321661610024175,4.421059233226907,787.8665223764415,1.000522912034065
y_tilde[26],-0.06935178768662448,0.10292850157194663,2.485311787942309,-4.834125754543416,-1.8124257246694904,0.025921552443170875,1.6993791666813811,4.7365842765774735,583.0294046685053,1.005200031107114
y_tilde[27],-0.2685267513557923,0.09550991891382893,2.6215343946011145,-5.4452990097284175,-2.0844948241910686,-0.23980533907723428,1.5013162886441442,4.947671593509631,753.3801397804051,0.9988440078388043
y_tilde[28],0.2120636740581087,0.11103967808160616,2.619094505482135,-5.297215980804507,-1.5623133985418338,0.1738189935693396,2.0286976257450027,5.672871495851686,556.347256632628,0.9984385476996837
y_tilde[29],0.21776407814412216,0.11096473068880988,2.5618575825451324,-5.234095371271282,-1.5193190708413733,0.35067055920477264,1.9272339711992028,5.163751465042601,533.0157462883461,1.0082411666812934
y_tilde[30],-0.1725379004556798,0.09976811120846911,2.629158712559979,-5.26240680633706,-1.9155244741707813,-0.08669799756798591,1.5801122991888277,4.925205103017585,694.464590371869,0.9986816543592547
y_tilde[31],0.018016747316102887,0.09070663405992749,2.5458448313064954,-4.922455643735123,-1.6144961838566796,-0.04117179149418108,1.6484245043245132,4.858614627148767,787.7451845580949,1.0010566576989317
y_tilde[32],-1.0747019113956755,0.09141461725531495,2.716180393442839,-6.4130875355357535,-2.8651257302343636,-1.050946282609737,0.6213424492574853,4.492999462616274,882.8479835935981,1.0016698572139102
y_tilde[33],-1.2712207153411237,0.07938481438126313,2.5885872955586753,-6.24878551110584,-3.0562350358542125,-1.1874099141837404,0.49237029143527283,3.8370363559187073,1063.2876349724402,0.9988805457362341
y_tilde[34],-1.2193637494012937,0.09603365457240161,2.690614884413951,-6.489925667900315,-3.093806626731871,-1.2156166398442751,0.4935783473369792,4.28683536831686,784.9756193067045,0.9999850885668449
y_tilde[35],-0.7893624104874472,0.09265032650369091,2.713707301220786,-6.125412766237941,-2.585323869252564,-0.7885784142338754,1.0015336794462941,4.898103370607406,857.8909728196666,1.000305113160439
y_tilde[36],-0.3283349450498297,0.1406609113845432,2.693181332028669,-5.390157499999565,-2.1380853052864466,-0.3669303864184024,1.4069975776271215,5.15556294264332,366.59314260634227,1.008134236191785
y_tilde[37],-0.022568487707006226,0.12111417122320853,2.5790360287915677,-5.004539191886422,-1.7688222421631434,0.03208982712500358,1.772916538023946,5.071826389116597,453.4452899043997,1.0013725593500986
y_tilde[38],0.5907811983079742,0.10128504483365998,2.620396498278326,-4.591368541007553,-1.1811614641853556,0.5576907969428603,2.387101263799546,5.70135465137163,669.3347476895282,1.0014975073695707
future_level[1],1.2855722469465105,0.07985076546934064,1.658517445092075,-1.8994606134184355,0.20571083739309215,1.2886272233727996,2.3932345898457834,4.505220936453061,431.4017678759957,0.9992149641806315
future_level[2],0.2142122499398084,0.08439679887494392,1.5177516295420255,-2.465696506200999,-0.896979139378154,0.09718541796142632,1.1707870410032089,3.472832565011732,323.4070380588926,0.9988521301120566
future_level[3],0.872057923811796,0.06202890644150597,1.2382068797850228,-1.4907317422035917,0.1281802379957706,0.8400403091158545,1.5786557843902669,3.4902423074280127,398.4723362247481,0.9986022968101923
future_level[4],0.5979785881958045,0.0583959563309379,1.1175725133702183,-1.4025085885235016,-0.06497626082428902,0.46572524595995607,1.20668567287513,3.210344358369418,366.25694900808764,0.9984359856165366
future_level[5],1.0040086428513602,0.04740994389057841,0.9840871446056191,-1.0906814124006652,0.48903164892301876,1.0214564633091132,1.4944832166254889,3.1826299339591158,430.8521201828733,0.9984007953841797
future_level[6],0.9858115082033696,0.04277396820379371,0.8905122251297187,-0.8576471822647898,0.567891135003538,1.0031754301149394,1.3690685657736477,2.9747342243275736,433.43171604006824,0.9983364448629893
future_level[7],0.8906216209583461,0.03983016291539919,0.8158923417278862,-0.7799589967316183,0.5441920439141319,0.8453199384010069,1.2250568687406713,2.795530776773173,419.6058630178951,0.998271971048121
future_level[8],0.40695765675799667,0.043660944879609934,0.817872153083226,-0.8559387919239227,-0.07972693780325568,0.2545006561814969,0.7702884382353401,2.496328759843831,350.9009813724787,0.99823127391941
future_level[9],0.6265983382268435,0.036014747923475456,0.7134354697664436,-0.7046480497067784,0.3393935165891838,0.5003123987299657,0.8660963829191475,2.4456480869461616,392.417743207189,0.9982568410029076
future_level[10],0.6594583815919235,0.03245099503330771,0.6614716097802326,-0.6429787446249907,0.42648929882203623,0.5680072154740308,0.8525836694797604,2.3761434303242464,415.4955552360818,0.9983012705217555
future_level[11],0.8792679181092627,0.027085747447218256,0.6135949473942922,-0.4874099858516532,0.6731511813490407,0.9027469802730299,1.0669728888778265,2.359124678232827,513.1943899360933,0.9984235530135303
future_level[12],1.2632542150527672,0.022920988180819696,0.6235159072177585,-0.2732841168068398,1.0460317504315884,1.3365869511961574,1.5740522260589938,2.388767196600762,739.9943452539898,0.9986126959262627
future_level[13],1.7042831818658042,0.024409320522310006,0.700068041801469,-0.033813418030920694,1.4124020040143175,1.772980652036146,2.105004337433041,2.822604110584224,822.5629131180641,0.998711220994266
future_level[14],1.457754048236208,0.020284322332762835,0.5607493084676266,-0.004435638193174255,1.299384078704421,1.5666056020192922,1.747910759816496,2.376172879006819,764.2166350924132,0.9983984458566295
future_level[15],0.9266157488396891,0.02400330784227767,0.5088116185117455,-0.09132134427955318,0.7582569370907333,0.9051065968215799,1.0725708645380299,2.1803031737888166,449.33665650363724,0.9981296673130334
future_level[16],1.1859406160723103,0.0185420405213979,0.47172051053525815,0.04376559244667711,1.126970399124538,1.2483745860971633,1.278884216575936,2.1911809686704404,647.2237838290043,0.9982445045770972
future_level[17],-0.2524107194370787,0.04183108971968483,0.8965925792202613,-2.0957716403464666,-0.7302689827102087,-0.20757130133495455,0.20414839225390266,1.7347710075127947,459.4009865303958,0.9984652221745555
future_level[18],0.09049973867359859,0.029726030359582458,0.6107707297738777,-0.7845383518965292,-0.2733408513729892,0.014462746474610919,0.32558800741557936,1.7113060389811623,422.1653627134471,0.9983223786925097
future_level[19],0.0660885725549893,0.02723329667132804,0.5644058348358182,-0.5855146244748568,-0.2795259222500025,-0.029071972788674554,0.257573522697249,1.594936131646297,429.5191736135621,0.99847098379216
future_level[20],0.2278761930090759,0.022088267382165367,0.4705132539934016,-0.20812862636065216,-0.021376632218467195,0.1001775094796589,0.3178968129879287,1.5495048122462936,453.75395307712216,0.9988095569400263
future_level[21],0.6824900101048006,0.01537550705974605,0.40569138217817435,-0.04219577094603511,0.5570753101675664,0.628123182021585,0.7738229440860482,1.621216318121915,696.1978387139293,0.9996235377322253
future_level[22],-0.18473107090522364,0.027618265777230512,0.5959612237702422,-1.0878655524295389,-0.5369618591809756,-0.23881470644916783,0.04716683707747541,1.2900836267945024,465.6324055853143,0.9985145473037822
future_level[23],-0.27949657292707036,0.02650940474739872,0.5781487093118836,-1.0570629162482086,-0.6438447985304911,-0.34783341812095836,-0.05914402115954723,1.16974445166607,475.64087440123274,0.9986699754988434
future_level[24],-0.07644902402484004,0.020596439616159683,0.45428079226066337,-0.3929070322976008,-0.33982253183938993,-0.1990071699474073,0.011260395827691873,1.1452195899737838,486.47938695479604,0.9991943564787724
future_level[25],-0.3701836811330016,0.024265811051584072,0.5379330346521792,-1.0012813303275432,-0.7108428623754085,-0.4630392536879253,-0.18980761848922972,0.9836726946417181,491.4358188761889,0.9989188083867533
future_level[26],-0.14766551943373157,0.01854898707341173,0.42128841919272064,-0.39242266019566757,-0.3688482757701118,-0.27831760536883565,-0.09312006227283293,0.9693690959037546,515.8443104229746,0.9996322065422756
future_level[27],-0.19531543960624045,0.018245547191498797,0.41546129344365174,-0.4358980820310966,-0.4148858483749207,-0.3244915428169448,-0.14060150435829666,0.8952205623805317,518.4983188146168,0.9995719254513233
future_level[28],0.22568020087293594,0.012695334362363876,0.347504488404897,-0.1789224102607204,0.08129688351207803,0.14401595171638187,0.29523088454780533,0.9844938388378524,749.2600028117246,1.000712230198169
future_level[29],0.201634935545149,0.012035106878617722,0.3237292659915912,-0.16264209785425543,0.08577136979393812,0.13856882214718724,0.2545485811085706,0.9146403181312228,723.5424602958971,1.0001451945425974
future_level[30],-0.138909825991572,0.01612922958899179,0.3715566107793654,-0.5019083236290967,-0.296538221633758,-0.22347349822140022,-0.09914322727080235,0.7909894606008321,530.667801904794,0.9990422378411219
future_level[31],-0.022805418739899122,0.01325112569340428,0.3248778293707185,-0.21596228705085166,-0.12539689782759683,-0.11314418981680874,-0.04475693199035001,0.7767677108169964,601.0832177514222,0.9994695072061828
future_level[32],-1.1525983132545938,0.03270240879299717,0.8085358155724303,-2.713441261040975,-1.6415277728378896,-1.1287277134857767,-0.6979016864072114,0.4877193497539192,611.2783844778845,0.9986165420018384
future_level[33],-1.2549394451595888,0.030613435494343574,0.7538594641895005,-2.5096035492457327,-1.7666325974344157,-1.2871805588565906,-0.8349357622101503,0.3841282719279056,606.3964409475592,0.9987504438007984
future_level[34],-1.1339537355658313,0.025574038579125383,0.6132469780524907,-1.8881021450372937,-1.5757992261842748,-1.233082401797595,-0.8442669272454201,0.33356888799006923,575.0057684897647,0.9991557839801453
future_level[35],-0.7919104722792059,0.01807514323296395,0.42963422019683734,-1.0852403438608007,-1.052313674942131,-0.9371391343944294,-0.7003498484439525,0.3457034698526855,564.9815112635586,1.0004342110578157
future_level[36],-0.2493352152017737,0.012757508242045822,0.35233497737234115,-0.48504713731452875,-0.4464989318061119,-0.3708816667663811,-0.16150304203720023,0.5816753373414785,762.7457614539622,1.002080586520456
future_level[37],0.015875690044041994,0.012758308424035922,0.36549754358695075,-0.35195600274534544,-0.20898308015492487,-0.09549434008544433,0.16345333498760836,0.8895466764876081,820.6967839746086,1.001114894491271
future_level[38],0.6550151131798497,0.020235907194584436,0.5800417258881408,-0.08678127205905603,0.23817322392536389,0.49499507824179534,0.9685800465870824,1.9778980855685642,821.6239952886225,0.9996458509107732
lp__,-237.7525244450856,0.7338080092795917,9.912820800932707,-259.0564286332758,-243.79104241515435,-237.14955027914823,-230.7516546347332,-220.52411757415643,182.48602669951865,1.0077844943306056
